-- MySQL dump 10.13  Distrib 8.0.36, for Linux (x86_64)
--
-- Host: 127.0.0.1    Database: CW_1314
-- ------------------------------------------------------
-- Server version	8.0.44-0ubuntu0.24.04.1

/*!40101 SET @OLD_CHARACTER_SET_CLIENT=@@CHARACTER_SET_CLIENT */;
/*!40101 SET @OLD_CHARACTER_SET_RESULTS=@@CHARACTER_SET_RESULTS */;
/*!40101 SET @OLD_COLLATION_CONNECTION=@@COLLATION_CONNECTION */;
/*!50503 SET NAMES utf8 */;
/*!40103 SET @OLD_TIME_ZONE=@@TIME_ZONE */;
/*!40103 SET TIME_ZONE='+00:00' */;
/*!40014 SET @OLD_UNIQUE_CHECKS=@@UNIQUE_CHECKS, UNIQUE_CHECKS=0 */;
/*!40014 SET @OLD_FOREIGN_KEY_CHECKS=@@FOREIGN_KEY_CHECKS, FOREIGN_KEY_CHECKS=0 */;
/*!40101 SET @OLD_SQL_MODE=@@SQL_MODE, SQL_MODE='NO_AUTO_VALUE_ON_ZERO' */;
/*!40111 SET @OLD_SQL_NOTES=@@SQL_NOTES, SQL_NOTES=0 */;

--
-- Table structure for table `OILPRICES`
--

DROP TABLE IF EXISTS `OILPRICES`;
/*!40101 SET @saved_cs_client     = @@character_set_client */;
/*!50503 SET character_set_client = utf8mb4 */;
CREATE TABLE `OILPRICES` (
  `RecordID` int NOT NULL AUTO_INCREMENT,
  `DatapointID` int DEFAULT NULL,
  `OilID` int DEFAULT NULL,
  `Price` decimal(5,2) DEFAULT NULL,
  PRIMARY KEY (`RecordID`),
  KEY `DatapointID` (`DatapointID`),
  KEY `OilID` (`OilID`),
  CONSTRAINT `OILPRICES_ibfk_1` FOREIGN KEY (`DatapointID`) REFERENCES `READING` (`DatapointID`),
  CONSTRAINT `OILPRICES_ibfk_2` FOREIGN KEY (`OilID`) REFERENCES `OILTYPE` (`OilID`)
) ENGINE=InnoDB AUTO_INCREMENT=325 DEFAULT CHARSET=utf8mb4 COLLATE=utf8mb4_0900_ai_ci;
/*!40101 SET character_set_client = @saved_cs_client */;

--
-- Dumping data for table `OILPRICES`
--

LOCK TABLES `OILPRICES` WRITE;
/*!40000 ALTER TABLE `OILPRICES` DISABLE KEYS */;
INSERT INTO `OILPRICES` VALUES (7,5,1,59.59),(8,5,2,63.17),(9,5,3,65.15),(10,6,1,59.55),(11,6,2,63.17),(12,6,3,65.15),(13,7,1,59.55),(14,7,2,63.17),(15,7,3,65.15),(16,8,1,59.55),(17,8,2,63.17),(18,8,3,65.15),(19,9,1,59.52),(20,9,2,63.17),(21,9,3,65.15),(22,10,1,59.38),(23,10,2,63.19),(24,10,3,65.15),(25,11,1,59.42),(26,11,2,63.23),(27,11,3,65.15),(28,12,1,59.42),(29,12,2,63.23),(30,12,3,65.15),(31,13,1,59.41),(32,13,2,63.22),(33,13,3,65.15),(34,14,1,59.36),(35,14,2,63.16),(36,14,3,65.10),(37,15,1,59.36),(38,15,2,63.16),(39,15,3,65.10),(40,16,1,59.40),(41,16,2,63.20),(42,16,3,65.10),(43,17,1,59.40),(44,17,2,63.21),(45,17,3,65.14),(46,18,1,59.46),(47,18,2,63.25),(48,18,3,65.14),(49,19,1,59.27),(50,19,2,63.07),(51,19,3,65.18),(52,20,1,59.26),(53,20,2,63.03),(54,20,3,64.84),(55,21,1,59.26),(56,21,2,63.03),(57,21,3,64.84),(58,22,1,59.26),(59,22,2,63.03),(60,22,3,64.84),(61,23,1,59.17),(62,23,2,62.96),(63,23,3,64.80),(64,24,1,59.20),(65,24,2,62.98),(66,24,3,64.79),(67,25,1,59.37),(68,25,2,63.17),(69,25,3,64.83),(70,26,1,59.37),(71,26,2,63.17),(72,26,3,64.83),(73,27,1,58.60),(74,27,2,62.39),(75,27,3,64.37),(76,28,1,58.64),(77,28,2,62.44),(78,28,3,64.37),(79,29,1,58.64),(80,29,2,62.44),(81,29,3,64.37),(82,30,1,58.64),(83,30,2,62.44),(84,30,3,64.37),(85,31,1,58.68),(86,31,2,62.47),(87,31,3,64.37),(88,32,1,58.62),(89,32,2,62.43),(90,32,3,64.37),(91,33,1,58.62),(92,33,2,62.43),(93,33,3,64.37),(94,34,1,58.57),(95,34,2,62.37),(96,34,3,64.13),(97,35,1,58.67),(98,35,2,62.48),(99,35,3,64.13),(100,36,1,58.70),(101,36,2,62.51),(102,36,3,64.13),(103,37,1,58.67),(104,37,2,62.48),(105,37,3,64.31),(106,38,1,58.82),(107,38,2,62.60),(108,38,3,64.35),(109,39,1,58.96),(110,39,2,62.74),(111,39,3,64.55),(112,40,1,59.53),(113,40,2,63.27),(114,40,3,65.07),(115,41,1,59.38),(116,41,2,63.13),(117,41,3,64.98),(118,42,1,59.37),(119,42,2,63.13),(120,42,3,64.98),(121,43,1,59.37),(122,43,2,63.13),(123,43,3,64.98),(124,44,1,59.11),(125,44,2,62.81),(126,44,3,64.53),(127,45,1,59.09),(128,45,2,62.78),(129,45,3,64.53),(130,46,1,59.02),(131,46,2,62.67),(132,46,3,64.53),(133,47,1,59.04),(134,47,2,62.67),(135,47,3,64.53),(136,48,1,59.11),(137,48,2,62.79),(138,48,3,64.53),(139,49,1,59.25),(140,49,2,62.93),(141,49,3,64.63),(142,50,1,59.25),(143,50,2,62.93),(144,50,3,64.63),(145,51,1,59.22),(146,51,2,62.89),(147,51,3,64.72),(148,52,1,59.41),(149,52,2,63.07),(150,52,3,64.89),(151,53,1,59.28),(152,53,2,62.96),(153,53,3,64.78),(154,54,1,60.08),(155,54,2,63.75),(156,54,3,65.60),(157,55,1,60.08),(158,55,2,63.75),(159,55,3,65.60),(160,56,1,60.08),(161,56,2,63.75),(162,56,3,65.60),(163,57,1,60.08),(164,57,2,63.75),(165,57,3,65.60),(166,58,1,60.08),(168,58,3,65.60),(169,59,1,60.08),(170,59,2,63.75),(171,59,3,65.60),(172,60,1,60.08),(173,60,2,63.75),(174,60,3,65.60),(175,61,1,60.08),(176,61,2,63.75),(177,61,3,65.60),(178,62,1,60.08),(179,62,2,63.75),(180,62,3,65.60),(181,63,1,60.14),(182,63,2,63.80),(183,63,3,65.60),(184,64,1,60.14),(185,64,2,63.80),(186,64,3,65.60),(187,65,1,60.18),(188,65,2,63.85),(189,65,3,65.66),(190,66,1,60.18),(191,66,2,63.85),(192,66,3,65.66),(193,67,1,58.66),(194,67,2,62.32),(195,67,3,64.01),(196,68,1,58.66),(197,68,2,62.32),(198,68,3,64.01),(199,69,1,58.66),(200,69,2,62.32),(201,69,3,64.01),(202,70,1,58.66),(203,70,2,62.32),(204,70,3,64.01),(205,71,1,58.66),(206,71,2,62.32),(207,71,3,64.01),(208,72,1,58.66),(209,72,2,62.32),(210,72,3,64.01),(211,73,1,58.66),(212,73,2,62.32),(213,73,3,64.01),(214,74,1,58.72),(215,74,2,62.37),(216,74,3,64.06),(217,75,1,58.80),(218,75,2,62.44),(219,75,3,64.12),(220,76,1,58.33),(221,76,2,62.02),(222,76,3,63.54),(223,77,1,58.39),(224,77,2,62.11),(225,77,3,63.69),(226,78,1,58.33),(227,78,2,61.94),(228,78,3,63.54),(229,79,1,58.37),(230,79,2,61.94),(231,79,3,63.54),(232,80,1,58.40),(233,80,2,62.11),(234,80,3,63.69),(235,81,1,58.34),(236,81,2,62.02),(237,81,3,63.57),(238,82,1,58.35),(239,82,2,62.03),(240,82,3,63.55),(241,83,1,58.32),(242,83,2,62.01),(243,83,3,63.58),(244,84,1,58.36),(245,84,2,62.05),(246,84,3,63.58),(247,85,1,58.37),(248,85,2,62.05),(249,85,3,63.58),(250,86,1,58.42),(251,86,2,62.12),(252,86,3,63.67),(253,87,1,58.31),(254,87,2,61.99),(255,87,3,63.42),(256,88,1,57.37),(257,88,2,61.06),(258,88,3,62.18),(259,89,1,57.46),(260,89,2,61.16),(261,89,3,62.18),(262,90,1,57.53),(263,90,2,61.21),(264,90,3,62.26),(265,91,1,57.44),(266,91,2,61.17),(267,91,3,62.26),(268,92,1,57.44),(269,92,2,61.12),(270,92,3,62.18),(271,93,1,57.44),(272,93,2,61.12),(273,93,3,62.18),(274,94,1,57.44),(275,94,2,61.12),(276,94,3,62.18),(277,95,1,57.44),(278,95,2,61.12),(279,95,3,62.18),(280,96,1,57.44),(281,96,2,61.12),(282,96,3,62.18),(283,97,1,57.44),(284,97,2,61.12),(285,97,3,62.18),(286,98,1,57.44),(287,98,2,61.12),(288,98,3,62.18),(289,99,1,57.44),(290,99,2,61.12),(291,99,3,62.18),(292,100,1,57.44),(293,100,2,61.12),(294,100,3,62.18),(295,101,1,57.44),(296,101,2,61.12),(297,101,3,62.18),(298,102,1,57.44),(299,102,2,61.12),(300,102,3,62.18),(301,103,1,57.44),(302,103,2,61.12),(303,103,3,62.18),(304,104,1,57.44),(305,104,2,61.12),(306,104,3,62.18),(307,105,1,57.44),(308,105,2,61.12),(309,105,3,62.18),(310,106,1,57.44),(311,106,2,61.12),(312,106,3,62.18),(313,107,1,57.44),(314,107,2,61.12),(315,107,3,62.18),(316,108,1,57.44),(317,108,2,61.12),(318,108,3,62.18),(319,109,1,57.44),(320,109,2,61.12),(321,109,3,62.18),(322,110,1,57.44),(323,110,2,61.12),(324,110,3,62.18);
/*!40000 ALTER TABLE `OILPRICES` ENABLE KEYS */;
UNLOCK TABLES;

--
-- Table structure for table `OILTYPE`
--

DROP TABLE IF EXISTS `OILTYPE`;
/*!40101 SET @saved_cs_client     = @@character_set_client */;
/*!50503 SET character_set_client = utf8mb4 */;
CREATE TABLE `OILTYPE` (
  `OilID` int NOT NULL AUTO_INCREMENT,
  `OilName` varchar(10) DEFAULT NULL,
  PRIMARY KEY (`OilID`)
) ENGINE=InnoDB AUTO_INCREMENT=7 DEFAULT CHARSET=utf8mb4 COLLATE=utf8mb4_0900_ai_ci;
/*!40101 SET character_set_client = @saved_cs_client */;

--
-- Dumping data for table `OILTYPE`
--

LOCK TABLES `OILTYPE` WRITE;
/*!40000 ALTER TABLE `OILTYPE` DISABLE KEYS */;
INSERT INTO `OILTYPE` VALUES (1,'WTI'),(2,'BRENT'),(3,'MURBAN');
/*!40000 ALTER TABLE `OILTYPE` ENABLE KEYS */;
UNLOCK TABLES;

--
-- Table structure for table `READING`
--

DROP TABLE IF EXISTS `READING`;
/*!40101 SET @saved_cs_client     = @@character_set_client */;
/*!50503 SET character_set_client = utf8mb4 */;
CREATE TABLE `READING` (
  `DatapointID` int NOT NULL AUTO_INCREMENT,
  `TimeReading` time DEFAULT NULL,
  `MarketDate` date DEFAULT NULL,
  PRIMARY KEY (`DatapointID`)
) ENGINE=InnoDB AUTO_INCREMENT=111 DEFAULT CHARSET=utf8mb4 COLLATE=utf8mb4_0900_ai_ci;
/*!40101 SET character_set_client = @saved_cs_client */;

--
-- Dumping data for table `READING`
--

LOCK TABLES `READING` WRITE;
/*!40000 ALTER TABLE `READING` DISABLE KEYS */;
INSERT INTO `READING` VALUES (1,'08:26:45','2025-12-02'),(2,'08:29:11','2025-12-02'),(3,'08:30:15','2025-12-02'),(4,'08:43:22','2025-12-02'),(5,'08:44:45','2025-12-02'),(6,'08:45:29','2025-12-02'),(7,'08:45:46','2025-12-02'),(8,'08:46:33','2025-12-02'),(9,'09:15:04','2025-12-02'),(10,'10:15:04','2025-12-02'),(11,'10:38:42','2025-12-02'),(12,'10:38:47','2025-12-02'),(13,'11:15:04','2025-12-02'),(14,'12:04:09','2025-12-02'),(15,'12:04:30','2025-12-02'),(16,'12:15:03','2025-12-02'),(17,'14:15:04','2025-12-02'),(18,'15:15:04','2025-12-02'),(19,'16:15:04','2025-12-02'),(20,'17:01:02','2025-12-02'),(21,'17:01:22','2025-12-02'),(22,'17:01:42','2025-12-02'),(23,'17:07:13','2025-12-02'),(24,'17:15:04','2025-12-02'),(25,'17:43:44','2025-12-02'),(26,'17:43:47','2025-12-02'),(27,'04:15:03','2025-12-03'),(28,'04:48:49','2025-12-03'),(29,'04:48:54','2025-12-03'),(30,'04:50:07','2025-12-03'),(31,'05:15:03','2025-12-03'),(32,'05:39:35','2025-12-03'),(33,'06:15:03','2025-12-03'),(34,'11:15:04','2025-12-03'),(35,'12:15:03','2025-12-03'),(36,'13:15:04','2025-12-03'),(37,'14:15:03','2025-12-03'),(38,'15:15:03','2025-12-03'),(39,'16:15:05','2025-12-03'),(40,'19:15:03','2025-12-03'),(41,'21:01:26','2025-12-03'),(42,'21:01:31','2025-12-03'),(43,'21:02:25','2025-12-03'),(44,'05:15:04','2025-12-04'),(45,'06:15:03','2025-12-04'),(46,'08:15:03','2025-12-04'),(47,'09:15:04','2025-12-04'),(48,'10:15:04','2025-12-04'),(49,'11:15:04','2025-12-04'),(50,'12:15:04','2025-12-04'),(51,'14:15:03','2025-12-04'),(52,'15:15:04','2025-12-04'),(53,'19:15:04','2025-12-04'),(54,'14:15:04','2025-12-07'),(55,'15:15:03','2025-12-07'),(56,'16:16:12','2025-12-07'),(57,'05:15:04','2025-12-08'),(58,'06:15:03','2025-12-08'),(59,'06:18:11','2025-12-08'),(60,'06:18:14','2025-12-08'),(61,'06:42:36','2025-12-08'),(62,'06:59:43','2025-12-08'),(63,'08:20:21','2025-12-08'),(64,'08:20:48','2025-12-08'),(65,'12:15:05','2025-12-08'),(66,'14:15:01','2025-12-08'),(67,'15:01:50','2025-12-09'),(68,'15:01:54','2025-12-09'),(69,'15:01:58','2025-12-09'),(70,'15:02:26','2025-12-09'),(71,'15:03:43','2025-12-09'),(72,'15:03:54','2025-12-09'),(73,'15:04:16','2025-12-09'),(74,'15:15:03','2025-12-09'),(75,'15:58:21','2025-12-09'),(76,'05:15:04','2025-12-10'),(77,'06:15:03','2025-12-10'),(78,'08:15:03','2025-12-10'),(79,'09:15:04','2025-12-10'),(80,'10:15:04','2025-12-10'),(81,'11:15:03','2025-12-10'),(82,'12:15:03','2025-12-10'),(83,'13:15:03','2025-12-10'),(84,'14:05:42','2025-12-10'),(85,'14:15:04','2025-12-10'),(86,'15:15:04','2025-12-10'),(87,'16:15:04','2025-12-10'),(88,'04:42:38','2025-12-13'),(89,'05:15:03','2025-12-13'),(90,'06:15:03','2025-12-13'),(91,'07:15:03','2025-12-13'),(92,'07:39:37','2025-12-13'),(93,'09:15:03','2025-12-13'),(94,'10:15:04','2025-12-13'),(95,'11:15:03','2025-12-13'),(96,'12:15:04','2025-12-13'),(97,'13:15:03','2025-12-13'),(98,'14:15:04','2025-12-13'),(99,'15:15:03','2025-12-13'),(100,'17:15:03','2025-12-13'),(101,'18:15:04','2025-12-13'),(102,'19:15:03','2025-12-13'),(103,'20:15:03','2025-12-13'),(104,'06:15:03','2025-12-14'),(105,'07:15:03','2025-12-14'),(106,'09:15:04','2025-12-14'),(107,'10:15:03','2025-12-14'),(108,'13:15:03','2025-12-14'),(109,'13:23:29','2025-12-14'),(110,'14:15:03','2025-12-14');
/*!40000 ALTER TABLE `READING` ENABLE KEYS */;
UNLOCK TABLES;
/*!40103 SET TIME_ZONE=@OLD_TIME_ZONE */;

/*!40101 SET SQL_MODE=@OLD_SQL_MODE */;
/*!40014 SET FOREIGN_KEY_CHECKS=@OLD_FOREIGN_KEY_CHECKS */;
/*!40014 SET UNIQUE_CHECKS=@OLD_UNIQUE_CHECKS */;
/*!40101 SET CHARACTER_SET_CLIENT=@OLD_CHARACTER_SET_CLIENT */;
/*!40101 SET CHARACTER_SET_RESULTS=@OLD_CHARACTER_SET_RESULTS */;
/*!40101 SET COLLATION_CONNECTION=@OLD_COLLATION_CONNECTION */;
/*!40111 SET SQL_NOTES=@OLD_SQL_NOTES */;

-- Dump completed on 2025-12-14 14:34:36
